config,instance,n,seed,init,tenure,max_no_improve,kick,time_limit,init_cost,best_cost,iterations,best_iter,perturbations,time_to_best,total_s
kick0,calib_n100_1,100,1,nn,12,100,0,1000,985.693,785.118,150,50,0,0.000974399,0.00271326
kick0,calib_n100_1,100,2,nn,12,100,0,1000,960.815,780.883,129,29,0,0.00075196,0.00249632
kick0,calib_n100_1,100,3,nn,12,100,0,1000,900.617,767.993,179,79,0,0.00147097,0.00324822
kick0,calib_n100_1,100,4,nn,12,100,0,1000,883.571,778.86,121,21,0,0.000565591,0.00234987
kick0,calib_n100_1,100,5,nn,12,100,0,1000,918.387,767.185,127,27,0,0.000660675,0.00236294
kick0,calib_n100_2,100,1,nn,12,100,0,1000,955.549,802.152,120,20,0,0.000486078,0.0022371
kick0,calib_n100_2,100,2,nn,12,100,0,1000,909.951,782.565,124,24,0,0.000524241,0.00229983
kick0,calib_n100_2,100,3,nn,12,100,0,1000,963.367,821.959,217,117,0,0.00231675,0.00404848
kick0,calib_n100_2,100,4,nn,12,100,0,1000,950.285,799.746,127,27,0,0.000666125,0.00246535
kick0,calib_n100_2,100,5,nn,12,100,0,1000,954.385,794.247,128,28,0,0.000860129,0.00364725
kick0,calib_n30_1,30,1,nn,5,30,0,1000,479.789,426.328,43,13,0,4.3274e-05,9.4332e-05
kick0,calib_n30_1,30,2,nn,5,30,0,1000,534.036,426.328,37,7,0,3.3715e-05,8.79e-05
kick0,calib_n30_1,30,3,nn,5,30,0,1000,568.188,426.328,41,11,0,5.4254e-05,0.000105183
kick0,calib_n30_1,30,4,nn,5,30,0,1000,533.271,472.708,34,4,0,2.8335e-05,8.3832e-05
kick0,calib_n30_1,30,5,nn,5,30,0,1000,539.717,426.328,37,7,0,4.6229e-05,0.000129189
kick0,calib_n30_2,30,1,nn,5,30,0,1000,518.314,466.182,36,6,0,2.9657e-05,7.7669e-05
kick0,calib_n30_2,30,2,nn,5,30,0,1000,533.841,472.79,35,5,0,3.5078e-05,8.0726e-05
kick0,calib_n30_2,30,3,nn,5,30,0,1000,583.304,472.79,37,7,0,7.2851e-05,0.000117297
kick0,calib_n30_2,30,4,nn,5,30,0,1000,590.283,447.548,39,9,0,3.1822e-05,7.3482e-05
kick0,calib_n30_2,30,5,nn,5,30,0,1000,608.714,447.548,45,15,0,4.4055e-05,8.7018e-05
kick0,calib_n50_1,50,1,nn,6,50,0,1000,653.039,578.909,59,9,0,8.1177e-05,0.000273758
kick0,calib_n50_1,50,2,nn,6,50,0,1000,639.744,555.324,58,8,0,6.2861e-05,0.000286793
kick0,calib_n50_1,50,3,nn,6,50,0,1000,659.377,578.909,58,8,0,6.212e-05,0.000252737
kick0,calib_n50_1,50,4,nn,6,50,0,1000,687.78,550.734,59,9,0,6.3603e-05,0.000242969
kick0,calib_n50_1,50,5,nn,6,50,0,1000,699.886,550.734,65,15,0,8.8161e-05,0.000264881
kick0,calib_n50_2,50,1,nn,6,50,0,1000,685.943,615.751,58,8,0,9.343e-05,0.000417986
kick0,calib_n50_2,50,2,nn,6,50,0,1000,749.45,615.116,62,12,0,0.000115714,0.000294438
kick0,calib_n50_2,50,3,nn,6,50,0,1000,765.949,594.047,62,12,0,8.2249e-05,0.000258709
kick0,calib_n50_2,50,4,nn,6,50,0,1000,730.848,621.486,72,22,0,0.000214634,0.000411844
kick0,calib_n50_2,50,5,nn,6,50,0,1000,777.571,617.829,62,12,0,7.5175e-05,0.000246826
kick0,calib_n70_1,70,1,nn,8,70,0,1000,773.892,662.457,84,14,0,0.000168185,0.000664742
kick0,calib_n70_1,70,2,nn,8,70,0,1000,737.485,664.317,84,14,0,0.000152825,0.000657047
kick0,calib_n70_1,70,3,nn,8,70,0,1000,832.582,688.87,95,25,0,0.00034734,0.000988006
kick0,calib_n70_1,70,4,nn,8,70,0,1000,808.48,664.613,86,16,0,0.000184726,0.000682035
kick0,calib_n70_1,70,5,nn,8,70,0,1000,741.91,678.643,81,11,0,0.000133117,0.000671285
kick0,calib_n70_2,70,1,nn,8,70,0,1000,779.269,697.257,80,10,0,0.000125542,0.000683037
kick0,calib_n70_2,70,2,nn,8,70,0,1000,766.936,675.269,80,10,0,0.000249551,0.00114079
kick0,calib_n70_2,70,3,nn,8,70,0,1000,781.374,697.257,81,11,0,0.000142956,0.000747141
kick0,calib_n70_2,70,4,nn,8,70,0,1000,737.249,697.257,76,6,0,0.000100674,0.000687816
kick0,calib_n70_2,70,5,nn,8,70,0,1000,786.138,665.902,81,11,0,0.000169978,0.000691985
kick1,calib_n100_1,100,1,nn,12,100,1,1000,985.693,757.403,50000,2712,498,0.0427303,0.843708
kick1,calib_n100_1,100,2,nn,12,100,1,1000,960.815,744.971,50000,42935,498,0.743075,0.85135
kick1,calib_n100_1,100,3,nn,12,100,1,1000,900.617,757.403,50000,7089,498,0.118754,0.895466
kick1,calib_n100_1,100,4,nn,12,100,1,1000,883.571,749.21,50000,38036,497,0.678204,0.88816
kick1,calib_n100_1,100,5,nn,12,100,1,1000,918.387,743.104,50000,39140,497,0.618392,0.82464
kick1,calib_n100_2,100,1,nn,12,100,1,1000,955.549,767.092,50000,6077,498,0.110608,0.870322
kick1,calib_n100_2,100,2,nn,12,100,1,1000,909.951,767.392,50000,38693,499,0.672783,0.859553
kick1,calib_n100_2,100,3,nn,12,100,1,1000,963.367,763.385,50000,7724,497,0.134588,0.908495
kick1,calib_n100_2,100,4,nn,12,100,1,1000,950.285,767.467,50000,21818,498,0.375129,0.87627
kick1,calib_n100_2,100,5,nn,12,100,1,1000,954.385,767.092,50000,33792,499,0.619062,0.908526
kick1,calib_n30_1,30,1,nn,5,30,1,1000,479.789,426.328,50000,13,1666,4.3984e-05,0.0842317
kick1,calib_n30_1,30,2,nn,5,30,1,1000,534.036,426.328,50000,7,1666,3.4256e-05,0.0883302
kick1,calib_n30_1,30,3,nn,5,30,1,1000,568.188,426.328,50000,11,1666,4.157e-05,0.10341
kick1,calib_n30_1,30,4,nn,5,30,1,1000,533.271,426.328,50000,42,1666,0.000106445,0.0980311
kick1,calib_n30_1,30,5,nn,5,30,1,1000,539.717,426.328,50000,7,1666,3.1851e-05,0.0777097
kick1,calib_n30_2,30,1,nn,5,30,1,1000,518.314,447.548,50000,1312,1665,0.00250146,0.0794233
kick1,calib_n30_2,30,2,nn,5,30,1,1000,533.841,447.548,50000,255,1666,0.00194472,0.0895712
kick1,calib_n30_2,30,3,nn,5,30,1,1000,583.304,447.548,50000,785,1665,0.00131495,0.084119
kick1,calib_n30_2,30,4,nn,5,30,1,1000,590.283,447.548,50000,9,1666,3.5769e-05,0.085192
kick1,calib_n30_2,30,5,nn,5,30,1,1000,608.714,447.548,50000,15,1666,4.9355e-05,0.0834743
kick1,calib_n50_1,50,1,nn,6,50,1,1000,653.039,550.734,50000,85,999,0.000422295,0.221776
kick1,calib_n50_1,50,2,nn,6,50,1,1000,639.744,550.734,50000,66,999,0.000327232,0.224046
kick1,calib_n50_1,50,3,nn,6,50,1,1000,659.377,550.734,50000,1535,998,0.00668994,0.22165
kick1,calib_n50_1,50,4,nn,6,50,1,1000,687.78,550.734,50000,9,999,7.9423e-05,0.215924
kick1,calib_n50_1,50,5,nn,6,50,1,1000,699.886,550.734,50000,15,999,0.000106355,0.222013
kick1,calib_n50_2,50,1,nn,6,50,1,1000,685.943,590.914,50000,4694,998,0.0201776,0.213988
kick1,calib_n50_2,50,2,nn,6,50,1,1000,749.45,590.914,50000,4641,999,0.0219918,0.221442
kick1,calib_n50_2,50,3,nn,6,50,1,1000,765.949,590.914,50000,15104,998,0.0653828,0.21906
kick1,calib_n50_2,50,4,nn,6,50,1,1000,730.848,590.914,50000,42210,997,0.19196,0.226054
kick1,calib_n50_2,50,5,nn,6,50,1,1000,777.571,590.914,50000,6632,998,0.0312387,0.229809
kick1,calib_n70_1,70,1,nn,8,70,1,1000,773.892,638.962,50000,2091,713,0.0182556,0.444411
kick1,calib_n70_1,70,2,nn,8,70,1,1000,737.485,638.962,50000,1391,713,0.0121662,0.449163
kick1,calib_n70_1,70,3,nn,8,70,1,1000,832.582,638.962,50000,2883,713,0.0254484,0.447859
kick1,calib_n70_1,70,4,nn,8,70,1,1000,808.48,638.962,50000,1442,713,0.0126648,0.440734
kick1,calib_n70_1,70,5,nn,8,70,1,1000,741.91,638.962,50000,2158,712,0.0195474,0.439789
kick1,calib_n70_2,70,1,nn,8,70,1,1000,779.269,656.37,50000,7653,712,0.0670632,0.447566
kick1,calib_n70_2,70,2,nn,8,70,1,1000,766.936,660.171,50000,1798,713,0.0157194,0.375199
kick1,calib_n70_2,70,3,nn,8,70,1,1000,781.374,660.171,50000,4356,713,0.0329546,0.464533
kick1,calib_n70_2,70,4,nn,8,70,1,1000,737.249,660.171,50000,8885,713,0.0776394,0.453196
kick1,calib_n70_2,70,5,nn,8,70,1,1000,786.138,660.171,50000,297,714,0.0026401,0.434892
kick3,calib_n100_1,100,1,nn,12,100,3,1000,985.693,743.104,50000,31518,495,0.556208,0.88098
kick3,calib_n100_1,100,2,nn,12,100,3,1000,960.815,743.104,50000,18700,498,0.33357,0.953766
kick3,calib_n100_1,100,3,nn,12,100,3,1000,900.617,749.21,50000,7235,497,0.153783,0.90514
kick3,calib_n100_1,100,4,nn,12,100,3,1000,883.571,743.104,50000,10099,497,0.200213,0.946571
kick3,calib_n100_1,100,5,nn,12,100,3,1000,918.387,743.104,50000,11662,498,0.181875,0.83241
kick3,calib_n100_2,100,1,nn,12,100,3,1000,955.549,767.092,50000,7735,498,0.12635,0.886281
kick3,calib_n100_2,100,2,nn,12,100,3,1000,909.951,763.385,50000,3222,498,0.0591093,0.870984
kick3,calib_n100_2,100,3,nn,12,100,3,1000,963.367,763.385,50000,8437,497,0.156241,0.948065
kick3,calib_n100_2,100,4,nn,12,100,3,1000,950.285,763.385,50000,45175,497,0.833035,0.926803
kick3,calib_n100_2,100,5,nn,12,100,3,1000,954.385,767.092,50000,41266,498,0.765154,0.92329
kick3,calib_n30_1,30,1,nn,5,30,3,1000,479.789,426.328,50000,13,1666,4.3564e-05,0.0871229
kick3,calib_n30_1,30,2,nn,5,30,3,1000,534.036,426.328,50000,7,1666,3.5979e-05,0.0887395
kick3,calib_n30_1,30,3,nn,5,30,3,1000,568.188,426.328,50000,11,1666,4.1951e-05,0.0819694
kick3,calib_n30_1,30,4,nn,5,30,3,1000,533.271,426.328,50000,128,1665,0.000213291,0.0710595
kick3,calib_n30_1,30,5,nn,5,30,3,1000,539.717,426.328,50000,7,1666,2.6001e-05,0.0671435
kick3,calib_n30_2,30,1,nn,5,30,3,1000,518.314,447.548,50000,176,1665,0.000260793,0.0711012
kick3,calib_n30_2,30,2,nn,5,30,3,1000,533.841,447.548,50000,118,1665,0.000221537,0.0762006
kick3,calib_n30_2,30,3,nn,5,30,3,1000,583.304,447.548,50000,269,1665,0.000685993,0.0746973
kick3,calib_n30_2,30,4,nn,5,30,3,1000,590.283,447.548,50000,9,1666,5.209e-05,0.0880411
kick3,calib_n30_2,30,5,nn,5,30,3,1000,608.714,447.548,50000,15,1666,5.7451e-05,0.0856582
kick3,calib_n50_1,50,1,nn,6,50,3,1000,653.039,550.734,50000,986,997,0.00473343,0.222545
kick3,calib_n50_1,50,2,nn,6,50,3,1000,639.744,550.734,50000,73,999,0.000360726,0.223915
kick3,calib_n50_1,50,3,nn,6,50,3,1000,659.377,550.734,50000,1113,998,0.00488183,0.225053
kick3,calib_n50_1,50,4,nn,6,50,3,1000,687.78,550.734,50000,9,999,8.3901e-05,0.225518
kick3,calib_n50_1,50,5,nn,6,50,3,1000,699.886,550.734,50000,15,999,0.00010398,0.219442
kick3,calib_n50_2,50,1,nn,6,50,3,1000,685.943,590.914,50000,21283,998,0.094878,0.219439
kick3,calib_n50_2,50,2,nn,6,50,3,1000,749.45,590.914,50000,5809,996,0.0270744,0.23416
kick3,calib_n50_2,50,3,nn,6,50,3,1000,765.949,590.914,50000,11640,999,0.0541923,0.223482
kick3,calib_n50_2,50,4,nn,6,50,3,1000,730.848,590.914,50000,7091,998,0.0324881,0.224769
kick3,calib_n50_2,50,5,nn,6,50,3,1000,777.571,590.914,50000,7446,996,0.0330726,0.228482
kick3,calib_n70_1,70,1,nn,8,70,3,1000,773.892,638.962,50000,1508,712,0.0139391,0.449207
kick3,calib_n70_1,70,2,nn,8,70,3,1000,737.485,638.962,50000,406,713,0.00357848,0.437704
kick3,calib_n70_1,70,3,nn,8,70,3,1000,832.582,638.962,50000,2847,712,0.0289744,0.445538
kick3,calib_n70_1,70,4,nn,8,70,3,1000,808.48,638.962,50000,598,712,0.0051357,0.471069
kick3,calib_n70_1,70,5,nn,8,70,3,1000,741.91,638.962,50000,3664,712,0.0322005,0.442808
kick3,calib_n70_2,70,1,nn,8,70,3,1000,779.269,656.37,50000,6843,712,0.0613216,0.453653
kick3,calib_n70_2,70,2,nn,8,70,3,1000,766.936,656.37,50000,2748,713,0.0246319,0.486357
kick3,calib_n70_2,70,3,nn,8,70,3,1000,781.374,656.37,50000,15135,712,0.143204,0.453923
kick3,calib_n70_2,70,4,nn,8,70,3,1000,737.249,656.37,50000,2693,711,0.0243343,0.455501
kick3,calib_n70_2,70,5,nn,8,70,3,1000,786.138,656.37,50000,2427,713,0.0226099,0.442237
kick6,calib_n100_1,100,1,nn,12,100,6,1000,985.693,744.971,50000,34526,496,0.602178,0.874313
kick6,calib_n100_1,100,2,nn,12,100,6,1000,960.815,743.104,50000,4570,498,0.0790446,0.882125
kick6,calib_n100_1,100,3,nn,12,100,6,1000,900.617,743.104,50000,18342,494,0.334771,0.92593
kick6,calib_n100_1,100,4,nn,12,100,6,1000,883.571,743.104,50000,22135,497,0.402071,0.926586
kick6,calib_n100_1,100,5,nn,12,100,6,1000,918.387,743.104,50000,41661,498,0.741103,0.887175
kick6,calib_n100_2,100,1,nn,12,100,6,1000,955.549,763.385,50000,20682,497,0.38575,0.90169
kick6,calib_n100_2,100,2,nn,12,100,6,1000,909.951,763.385,50000,36083,498,0.671949,0.932735
kick6,calib_n100_2,100,3,nn,12,100,6,1000,963.367,763.385,50000,42097,497,0.773362,0.91592
kick6,calib_n100_2,100,4,nn,12,100,6,1000,950.285,763.465,50000,43244,497,0.851447,0.981958
kick6,calib_n100_2,100,5,nn,12,100,6,1000,954.385,763.385,50000,37732,497,0.741124,0.981451
kick6,calib_n30_1,30,1,nn,5,30,6,1000,479.789,426.328,50000,13,1666,4.3323e-05,0.0853069
kick6,calib_n30_1,30,2,nn,5,30,6,1000,534.036,426.328,50000,7,1666,3.108e-05,0.0818412
kick6,calib_n30_1,30,3,nn,5,30,6,1000,568.188,426.328,50000,11,1666,3.3635e-05,0.0723938
kick6,calib_n30_1,30,4,nn,5,30,6,1000,533.271,426.328,50000,111,1664,0.000176871,0.0735392
kick6,calib_n30_1,30,5,nn,5,30,6,1000,539.717,426.328,50000,7,1666,3.0359e-05,0.0838207
kick6,calib_n30_2,30,1,nn,5,30,6,1000,518.314,447.548,50000,56,1665,0.000121124,0.0993241
kick6,calib_n30_2,30,2,nn,5,30,6,1000,533.841,447.548,50000,291,1664,0.000590549,0.096922
kick6,calib_n30_2,30,3,nn,5,30,6,1000,583.304,447.548,50000,545,1665,0.00137503,0.091238
kick6,calib_n30_2,30,4,nn,5,30,6,1000,590.283,447.548,50000,9,1666,3.7172e-05,0.0909289
kick6,calib_n30_2,30,5,nn,5,30,6,1000,608.714,447.548,50000,15,1666,4.9857e-05,0.089753
kick6,calib_n50_1,50,1,nn,6,50,6,1000,653.039,550.734,50000,474,998,0.0021346,0.252057
kick6,calib_n50_1,50,2,nn,6,50,6,1000,639.744,550.734,50000,177,999,0.000871221,0.260074
kick6,calib_n50_1,50,3,nn,6,50,6,1000,659.377,550.734,50000,726,998,0.00331656,0.24083
kick6,calib_n50_1,50,4,nn,6,50,6,1000,687.78,550.734,50000,9,999,8.7699e-05,0.243595
kick6,calib_n50_1,50,5,nn,6,50,6,1000,699.886,550.734,50000,15,999,0.000103139,0.253136
kick6,calib_n50_2,50,1,nn,6,50,6,1000,685.943,590.914,50000,811,997,0.00481129,0.264816
kick6,calib_n50_2,50,2,nn,6,50,6,1000,749.45,590.914,50000,2136,996,0.00982127,0.238325
kick6,calib_n50_2,50,3,nn,6,50,6,1000,765.949,590.914,50000,4448,999,0.021692,0.249112
kick6,calib_n50_2,50,4,nn,6,50,6,1000,730.848,590.914,50000,3404,996,0.0161037,0.245194
kick6,calib_n50_2,50,5,nn,6,50,6,1000,777.571,590.914,50000,2435,997,0.0126166,0.229035
kick6,calib_n70_1,70,1,nn,8,70,6,1000,773.892,638.962,50000,1214,712,0.0115195,0.467509
kick6,calib_n70_1,70,2,nn,8,70,6,1000,737.485,638.962,50000,3337,712,0.0324668,0.464821
kick6,calib_n70_1,70,3,nn,8,70,6,1000,832.582,638.962,50000,898,712,0.00896227,0.462732
kick6,calib_n70_1,70,4,nn,8,70,6,1000,808.48,638.962,50000,1986,712,0.0181293,0.455088
kick6,calib_n70_1,70,5,nn,8,70,6,1000,741.91,638.962,50000,1011,712,0.00973472,0.431786
kick6,calib_n70_2,70,1,nn,8,70,6,1000,779.269,656.37,50000,21012,711,0.170716,0.404965
kick6,calib_n70_2,70,2,nn,8,70,6,1000,766.936,656.37,50000,1854,712,0.0179252,0.436187
kick6,calib_n70_2,70,3,nn,8,70,6,1000,781.374,656.37,50000,9953,711,0.0849301,0.454728
kick6,calib_n70_2,70,4,nn,8,70,6,1000,737.249,656.37,50000,943,712,0.0138197,0.406444
kick6,calib_n70_2,70,5,nn,8,70,6,1000,786.138,656.37,50000,8775,712,0.0777654,0.454216
wait0.5,calib_n100_1,100,1,nn,12,50,6,1000,985.693,743.104,50000,26428,992,0.4829,0.917465
wait0.5,calib_n100_1,100,2,nn,12,50,6,1000,960.815,743.104,50000,2370,996,0.0442097,0.918821
wait0.5,calib_n100_1,100,3,nn,12,50,6,1000,900.617,743.104,50000,9375,990,0.178662,0.906726
wait0.5,calib_n100_1,100,4,nn,12,50,6,1000,883.571,743.104,50000,11185,995,0.210312,0.865676
wait0.5,calib_n100_1,100,5,nn,12,50,6,1000,918.387,743.104,50000,20911,996,0.422639,0.972799
wait0.5,calib_n100_2,100,1,nn,12,50,6,1000,955.549,763.385,50000,34707,993,0.545744,0.756501
wait0.5,calib_n100_2,100,2,nn,12,50,6,1000,909.951,763.385,50000,18133,996,0.188024,0.531965
wait0.5,calib_n100_2,100,3,nn,12,50,6,1000,963.367,763.385,50000,15765,993,0.167783,0.750265
wait0.5,calib_n100_2,100,4,nn,12,50,6,1000,950.285,763.385,50000,25560,994,0.426425,0.85227
wait0.5,calib_n100_2,100,5,nn,12,50,6,1000,954.385,763.385,50000,23101,994,0.395927,0.847354
wait0.5,calib_n30_1,30,1,nn,5,15,6,1000,479.789,426.328,50000,13,3332,5.9554e-05,0.0945483
wait0.5,calib_n30_1,30,2,nn,5,15,6,1000,534.036,426.328,50000,7,3332,3.8183e-05,0.0930099
wait0.5,calib_n30_1,30,3,nn,5,15,6,1000,568.188,426.328,50000,11,3332,3.2934e-05,0.0823472
wait0.5,calib_n30_1,30,4,nn,5,15,6,1000,533.271,426.328,50000,81,3330,0.000143738,0.0819914
wait0.5,calib_n30_1,30,5,nn,5,15,6,1000,539.717,426.328,50000,7,3332,3.1992e-05,0.0879335
wait0.5,calib_n30_2,30,1,nn,5,15,6,1000,518.314,447.548,50000,260,3331,0.000415942,0.0821035
wait0.5,calib_n30_2,30,2,nn,5,15,6,1000,533.841,447.548,50000,171,3329,0.000286723,0.091952
wait0.5,calib_n30_2,30,3,nn,5,15,6,1000,583.304,447.548,50000,290,3331,0.000527477,0.102269
wait0.5,calib_n30_2,30,4,nn,5,15,6,1000,590.283,447.548,50000,9,3332,5.3103e-05,0.11595
wait0.5,calib_n30_2,30,5,nn,5,15,6,1000,608.714,447.548,50000,15,3332,4.4065e-05,0.0928824
wait0.5,calib_n50_1,50,1,nn,6,25,6,1000,653.039,550.734,50000,274,1997,0.00118029,0.271186
wait0.5,calib_n50_1,50,2,nn,6,25,6,1000,639.744,550.734,50000,102,1998,0.000630005,0.247878
wait0.5,calib_n50_1,50,3,nn,6,25,6,1000,659.377,550.734,50000,401,1996,0.00172482,0.252585
wait0.5,calib_n50_1,50,4,nn,6,25,6,1000,687.78,550.734,50000,9,1999,7.5746e-05,0.23957
wait0.5,calib_n50_1,50,5,nn,6,25,6,1000,699.886,550.734,50000,15,1999,9.2418e-05,0.248346
wait0.5,calib_n50_2,50,1,nn,6,25,6,1000,685.943,590.914,50000,461,1995,0.00222177,0.247892
wait0.5,calib_n50_2,50,2,nn,6,25,6,1000,749.45,590.914,50000,1161,1992,0.00588851,0.25266
wait0.5,calib_n50_2,50,3,nn,6,25,6,1000,765.949,590.914,50000,2248,1998,0.0122431,0.244178
wait0.5,calib_n50_2,50,4,nn,6,25,6,1000,730.848,590.914,50000,3762,1994,0.0200871,0.2563
wait0.5,calib_n50_2,50,5,nn,6,25,6,1000,777.571,590.914,50000,1285,1994,0.00585713,0.247245
wait0.5,calib_n70_1,70,1,nn,8,35,6,1000,773.892,638.962,50000,654,1425,0.00864584,0.522716
wait0.5,calib_n70_1,70,2,nn,8,35,6,1000,737.485,638.962,50000,1727,1425,0.0158531,0.440259
wait0.5,calib_n70_1,70,3,nn,8,35,6,1000,832.582,638.962,50000,513,1424,0.005653,0.449427
wait0.5,calib_n70_1,70,4,nn,8,35,6,1000,808.48,638.962,50000,1041,1425,0.0073092,0.467302
wait0.5,calib_n70_1,70,5,nn,8,35,6,1000,741.91,638.962,50000,556,1425,0.00620092,0.461888
wait0.5,calib_n70_2,70,1,nn,8,35,6,1000,779.269,656.37,50000,2690,1422,0.0253103,0.458395
wait0.5,calib_n70_2,70,2,nn,8,35,6,1000,766.936,656.37,50000,979,1425,0.010081,0.463998
wait0.5,calib_n70_2,70,3,nn,8,35,6,1000,781.374,656.37,50000,5088,1422,0.0517698,0.475375
wait0.5,calib_n70_2,70,4,nn,8,35,6,1000,737.249,656.37,50000,523,1425,0.00487706,0.469247
wait0.5,calib_n70_2,70,5,nn,8,35,6,1000,786.138,656.37,50000,4435,1425,0.0445601,0.451427
wait2,calib_n100_1,100,1,nn,12,200,6,1000,985.693,745.934,50000,47882,248,0.871709,0.908604
wait2,calib_n100_1,100,2,nn,12,200,6,1000,960.815,743.104,50000,8970,249,0.15988,0.930223
wait2,calib_n100_1,100,3,nn,12,200,6,1000,900.617,743.104,50000,42266,247,0.782897,0.932325
wait2,calib_n100_1,100,4,nn,12,200,6,1000,883.571,743.104,50000,44035,248,0.766455,0.868554
wait2,calib_n100_1,100,5,nn,12,200,6,1000,918.387,744.971,50000,41344,249,0.808953,0.970793
wait2,calib_n100_2,100,1,nn,12,200,6,1000,955.549,763.385,50000,41082,248,0.785246,0.947817
wait2,calib_n100_2,100,2,nn,12,200,6,1000,909.951,767.092,50000,26348,249,0.482314,0.919126
wait2,calib_n100_2,100,3,nn,12,200,6,1000,963.367,768.393,50000,1630,248,0.0332118,0.93534
wait2,calib_n100_2,100,4,nn,12,200,6,1000,950.285,767.092,50000,36394,249,0.670701,0.926066
wait2,calib_n100_2,100,5,nn,12,200,6,1000,954.385,767.392,50000,10963,249,0.20433,0.940101
wait2,calib_n30_1,30,1,nn,5,60,6,1000,479.789,426.328,50000,13,833,4.3163e-05,0.0853917
wait2,calib_n30_1,30,2,nn,5,60,6,1000,534.036,426.328,50000,7,833,3.5048e-05,0.0932825
wait2,calib_n30_1,30,3,nn,5,60,6,1000,568.188,426.328,50000,11,833,4.3484e-05,0.0985143
wait2,calib_n30_1,30,4,nn,5,60,6,1000,533.271,426.328,50000,171,832,0.0003164,0.0901548
wait2,calib_n30_1,30,5,nn,5,60,6,1000,539.717,426.328,50000,7,833,3.2102e-05,0.0924005
wait2,calib_n30_2,30,1,nn,5,60,6,1000,518.314,447.548,50000,86,832,0.000165559,0.0947924
wait2,calib_n30_2,30,2,nn,5,60,6,1000,533.841,447.548,50000,531,832,0.000942979,0.103886
wait2,calib_n30_2,30,3,nn,5,60,6,1000,583.304,447.548,50000,1055,832,0.00177158,0.0921815
wait2,calib_n30_2,30,4,nn,5,60,6,1000,590.283,447.548,50000,9,833,4.3745e-05,0.090395
wait2,calib_n30_2,30,5,nn,5,60,6,1000,608.714,447.548,50000,15,833,4.9195e-05,0.087997
wait2,calib_n50_1,50,1,nn,6,100,6,1000,653.039,550.734,50000,874,499,0.003912,0.228729
wait2,calib_n50_1,50,2,nn,6,100,6,1000,639.744,550.734,50000,327,499,0.00171306,0.23556
wait2,calib_n50_1,50,3,nn,6,100,6,1000,659.377,550.734,50000,1376,499,0.00645021,0.231644
wait2,calib_n50_1,50,4,nn,6,100,6,1000,687.78,550.734,50000,9,499,8.5625e-05,0.239291
wait2,calib_n50_1,50,5,nn,6,100,6,1000,699.886,550.734,50000,15,499,0.000108599,0.239154
wait2,calib_n50_2,50,1,nn,6,100,6,1000,685.943,590.914,50000,1511,498,0.00681805,0.241904
wait2,calib_n50_2,50,2,nn,6,100,6,1000,749.45,590.914,50000,4086,498,0.0205054,0.245685
wait2,calib_n50_2,50,3,nn,6,100,6,1000,765.949,590.914,50000,8848,499,0.0410217,0.223434
wait2,calib_n50_2,50,4,nn,6,100,6,1000,730.848,590.914,50000,6654,498,0.0298312,0.237593
wait2,calib_n50_2,50,5,nn,6,100,6,1000,777.571,590.914,50000,4735,498,0.0252259,0.260137
wait2,calib_n70_1,70,1,nn,8,140,6,1000,773.892,638.962,50000,2334,356,0.0226728,0.469662
wait2,calib_n70_1,70,2,nn,8,140,6,1000,737.485,638.962,50000,6557,356,0.0603564,0.461634
wait2,calib_n70_1,70,3,nn,8,140,6,1000,832.582,638.962,50000,1668,356,0.0152318,0.491615
wait2,calib_n70_1,70,4,nn,8,140,6,1000,808.48,638.962,50000,3876,356,0.0313403,0.418932
wait2,calib_n70_1,70,5,nn,8,140,6,1000,741.91,638.962,50000,1921,356,0.0196185,0.443378
wait2,calib_n70_2,70,1,nn,8,140,6,1000,779.269,656.37,50000,41802,355,0.375536,0.449202
wait2,calib_n70_2,70,2,nn,8,140,6,1000,766.936,656.37,50000,3604,356,0.0324453,0.480653
wait2,calib_n70_2,70,3,nn,8,140,6,1000,781.374,656.37,50000,19683,355,0.190126,0.483151
wait2,calib_n70_2,70,4,nn,8,140,6,1000,737.249,656.37,50000,1783,356,0.0161038,0.467016
wait2,calib_n70_2,70,5,nn,8,140,6,1000,786.138,656.37,50000,17483,356,0.161653,0.434728
wait5,calib_n100_1,100,1,nn,12,500,6,1000,985.693,749.21,50000,8739,99,0.176123,0.948084
wait5,calib_n100_1,100,2,nn,12,500,6,1000,960.815,743.104,50000,22170,99,0.404486,0.921137
wait5,calib_n100_1,100,3,nn,12,500,6,1000,900.617,745.587,50000,38922,99,0.682387,0.827038
wait5,calib_n100_1,100,4,nn,12,500,6,1000,883.571,746.624,50000,3422,99,0.0442088,0.594935
wait5,calib_n100_1,100,5,nn,12,500,6,1000,918.387,745.587,50000,17118,99,0.214262,0.576245
wait5,calib_n100_2,100,1,nn,12,500,6,1000,955.549,767.092,50000,36223,99,0.369912,0.519454
wait5,calib_n100_2,100,2,nn,12,500,6,1000,909.951,767.467,50000,19617,99,0.188297,0.488315
wait5,calib_n100_2,100,3,nn,12,500,6,1000,963.367,768.393,50000,3730,99,0.0363086,0.605984
wait5,calib_n100_2,100,4,nn,12,500,6,1000,950.285,770.608,50000,14653,99,0.200853,0.778625
wait5,calib_n100_2,100,5,nn,12,500,6,1000,954.385,767.392,50000,27163,99,0.385153,0.696918
wait5,calib_n30_1,30,1,nn,5,150,6,1000,479.789,426.328,50000,13,333,2.61e-05,0.0603932
wait5,calib_n30_1,30,2,nn,5,150,6,1000,534.036,426.328,50000,7,333,1.8586e-05,0.0448517
wait5,calib_n30_1,30,3,nn,5,150,6,1000,568.188,426.328,50000,11,333,2.2864e-05,0.0424369
wait5,calib_n30_1,30,4,nn,5,150,6,1000,533.271,426.328,50000,351,332,0.00038375,0.0400107
wait5,calib_n30_1,30,5,nn,5,150,6,1000,539.717,426.328,50000,7,333,2.3665e-05,0.0403715
wait5,calib_n30_2,30,1,nn,5,150,6,1000,518.314,447.548,50000,176,333,0.000153015,0.0402286
wait5,calib_n30_2,30,2,nn,5,150,6,1000,533.841,447.548,50000,1251,332,0.0010186,0.040358
wait5,calib_n30_2,30,3,nn,5,150,6,1000,583.304,447.548,50000,2585,333,0.00215076,0.0426996
wait5,calib_n30_2,30,4,nn,5,150,6,1000,590.283,447.548,50000,9,333,1.9617e-05,0.0423997
wait5,calib_n30_2,30,5,nn,5,150,6,1000,608.714,447.548,50000,15,333,2.6111e-05,0.0430131
wait5,calib_n50_1,50,1,nn,6,250,6,1000,653.039,550.734,50000,2074,199,0.00476034,0.122325
wait5,calib_n50_1,50,2,nn,6,250,6,1000,639.744,550.734,50000,777,199,0.0017531,0.120765
wait5,calib_n50_1,50,3,nn,6,250,6,1000,659.377,550.734,50000,3326,199,0.00743778,0.128752
wait5,calib_n50_1,50,4,nn,6,250,6,1000,687.78,550.734,50000,9,199,4.9155e-05,0.138429
wait5,calib_n50_1,50,5,nn,6,250,6,1000,699.886,550.734,50000,15,199,6.3743e-05,0.141328
wait5,calib_n50_2,50,1,nn,6,250,6,1000,685.943,590.914,50000,3611,199,0.0107066,0.129737
wait5,calib_n50_2,50,2,nn,6,250,6,1000,749.45,590.914,50000,9936,199,0.0220718,0.110687
wait5,calib_n50_2,50,3,nn,6,250,6,1000,765.949,590.914,50000,22048,199,0.0544661,0.12441
wait5,calib_n50_2,50,4,nn,6,250,6,1000,730.848,590.914,50000,16404,199,0.0407766,0.117179
wait5,calib_n50_2,50,5,nn,6,250,6,1000,777.571,590.914,50000,11635,199,0.0257252,0.106214
wait5,calib_n70_1,70,1,nn,8,350,6,1000,773.892,638.962,50000,5694,142,0.0248277,0.224135
wait5,calib_n70_1,70,2,nn,8,350,6,1000,737.485,638.962,50000,16217,142,0.0784749,0.225712
wait5,calib_n70_1,70,3,nn,8,350,6,1000,832.582,638.962,50000,3978,142,0.0171366,0.221852
wait5,calib_n70_1,70,4,nn,8,350,6,1000,808.48,638.962,50000,9546,142,0.0435375,0.226089
wait5,calib_n70_1,70,5,nn,8,350,6,1000,741.91,638.962,50000,4651,142,0.0197822,0.228158
wait5,calib_n70_2,70,1,nn,8,350,6,1000,779.269,660.171,50000,20493,142,0.0941712,0.222998
wait5,calib_n70_2,70,2,nn,8,350,6,1000,766.936,656.37,50000,8854,142,0.03957,0.220309
wait5,calib_n70_2,70,3,nn,8,350,6,1000,781.374,656.37,50000,49104,141,0.218294,0.222255
wait5,calib_n70_2,70,4,nn,8,350,6,1000,737.249,656.37,50000,4303,142,0.0204935,0.237591
wait5,calib_n70_2,70,5,nn,8,350,6,1000,786.138,656.37,50000,43523,142,0.207395,0.237337
ten0.05,calib_n100_1,100,1,nn,5,100,6,1000,985.693,743.104,50000,18158,498,0.170847,0.473061
ten0.05,calib_n100_1,100,2,nn,5,100,6,1000,960.815,743.104,50000,19259,498,0.183204,0.473003
ten0.05,calib_n100_1,100,3,nn,5,100,6,1000,900.617,743.104,50000,17931,497,0.158753,0.440854
ten0.05,calib_n100_1,100,4,nn,5,100,6,1000,883.571,743.104,50000,4237,498,0.038532,0.434256
ten0.05,calib_n100_1,100,5,nn,5,100,6,1000,918.387,743.104,50000,14754,498,0.140216,0.483642
ten0.05,calib_n100_2,100,1,nn,5,100,6,1000,955.549,771.556,50000,2969,498,0.0325725,0.506337
ten0.05,calib_n100_2,100,2,nn,5,100,6,1000,909.951,767.092,50000,8498,499,0.0947235,0.516303
ten0.05,calib_n100_2,100,3,nn,5,100,6,1000,963.367,763.385,50000,7483,498,0.0664298,0.437493
ten0.05,calib_n100_2,100,4,nn,5,100,6,1000,950.285,763.385,50000,10942,497,0.0994495,0.443098
ten0.05,calib_n100_2,100,5,nn,5,100,6,1000,954.385,763.385,50000,3835,498,0.0335465,0.449991
ten0.05,calib_n30_1,30,1,nn,5,30,6,1000,479.789,426.328,50000,13,1666,2.602e-05,0.0431227
ten0.05,calib_n30_1,30,2,nn,5,30,6,1000,534.036,426.328,50000,7,1666,1.6833e-05,0.0429985
ten0.05,calib_n30_1,30,3,nn,5,30,6,1000,568.188,426.328,50000,11,1666,2.071e-05,0.043869
ten0.05,calib_n30_1,30,4,nn,5,30,6,1000,533.271,426.328,50000,111,1664,0.000146413,0.0446692
ten0.05,calib_n30_1,30,5,nn,5,30,6,1000,539.717,426.328,50000,7,1666,1.6091e-05,0.0475107
ten0.05,calib_n30_2,30,1,nn,5,30,6,1000,518.314,447.548,50000,56,1665,6.6719e-05,0.046412
ten0.05,calib_n30_2,30,2,nn,5,30,6,1000,533.841,447.548,50000,291,1664,0.000284188,0.0463894
ten0.05,calib_n30_2,30,3,nn,5,30,6,1000,583.304,447.548,50000,545,1665,0.000532086,0.046931
ten0.05,calib_n30_2,30,4,nn,5,30,6,1000,590.283,447.548,50000,9,1666,1.8656e-05,0.0440144
ten0.05,calib_n30_2,30,5,nn,5,30,6,1000,608.714,447.548,50000,15,1666,2.5008e-05,0.043711
ten0.05,calib_n50_1,50,1,nn,5,50,6,1000,653.039,550.734,50000,475,998,0.0010529,0.109313
ten0.05,calib_n50_1,50,2,nn,5,50,6,1000,639.744,550.734,50000,177,999,0.000418557,0.113731
ten0.05,calib_n50_1,50,3,nn,5,50,6,1000,659.377,550.734,50000,722,998,0.00169268,0.11624
ten0.05,calib_n50_1,50,4,nn,5,50,6,1000,687.78,550.734,50000,9,999,3.8735e-05,0.109357
ten0.05,calib_n50_1,50,5,nn,5,50,6,1000,699.886,550.734,50000,15,999,7.6848e-05,0.108963
ten0.05,calib_n50_2,50,1,nn,5,50,6,1000,685.943,590.914,50000,807,997,0.00173941,0.112
ten0.05,calib_n50_2,50,2,nn,5,50,6,1000,749.45,590.914,50000,1280,996,0.00327379,0.117028
ten0.05,calib_n50_2,50,3,nn,5,50,6,1000,765.949,590.914,50000,4448,999,0.00997274,0.112959
ten0.05,calib_n50_2,50,4,nn,5,50,6,1000,730.848,590.914,50000,3409,996,0.00787316,0.109722
ten0.05,calib_n50_2,50,5,nn,5,50,6,1000,777.571,590.914,50000,2461,996,0.0054796,0.111081
ten0.05,calib_n70_1,70,1,nn,5,70,6,1000,773.892,638.962,50000,1206,713,0.00542461,0.224113
ten0.05,calib_n70_1,70,2,nn,5,70,6,1000,737.485,638.962,50000,713,713,0.00308113,0.222152
ten0.05,calib_n70_1,70,3,nn,5,70,6,1000,832.582,638.962,50000,2224,711,0.00960373,0.228998
ten0.05,calib_n70_1,70,4,nn,5,70,6,1000,808.48,638.962,50000,1986,712,0.00853008,0.222074
ten0.05,calib_n70_1,70,5,nn,5,70,6,1000,741.91,638.962,50000,1011,712,0.00444411,0.240447
ten0.05,calib_n70_2,70,1,nn,5,70,6,1000,779.269,656.37,50000,7022,712,0.0457044,0.308311
ten0.05,calib_n70_2,70,2,nn,5,70,6,1000,766.936,656.37,50000,6114,712,0.0382685,0.275501
ten0.05,calib_n70_2,70,3,nn,5,70,6,1000,781.374,656.37,50000,10046,709,0.0448073,0.220752
ten0.05,calib_n70_2,70,4,nn,5,70,6,1000,737.249,656.37,50000,9363,712,0.0416409,0.223076
ten0.05,calib_n70_2,70,5,nn,5,70,6,1000,786.138,656.37,50000,2534,713,0.0110788,0.230172
ten0.25,calib_n100_1,100,1,nn,25,100,6,1000,985.693,746.624,50000,17261,496,0.166535,0.591242
ten0.25,calib_n100_1,100,2,nn,25,100,6,1000,960.815,743.104,50000,29296,498,0.416481,0.746988
ten0.25,calib_n100_1,100,3,nn,25,100,6,1000,900.617,743.104,50000,31252,496,0.461652,0.736289
ten0.25,calib_n100_1,100,4,nn,25,100,6,1000,883.571,743.104,50000,22658,497,0.254547,0.491479
ten0.25,calib_n100_1,100,5,nn,25,100,6,1000,918.387,743.104,50000,3858,497,0.0350116,0.447853
ten0.25,calib_n100_2,100,1,nn,25,100,6,1000,955.549,763.385,50000,27110,496,0.2608,0.467394
ten0.25,calib_n100_2,100,2,nn,25,100,6,1000,909.951,763.385,50000,18864,497,0.1845,0.47462
ten0.25,calib_n100_2,100,3,nn,25,100,6,1000,963.367,763.385,50000,3161,496,0.0322569,0.556466
ten0.25,calib_n100_2,100,4,nn,25,100,6,1000,950.285,763.385,50000,3224,497,0.0304834,0.493487
ten0.25,calib_n100_2,100,5,nn,25,100,6,1000,954.385,763.385,50000,14008,495,0.140823,0.501234
ten0.25,calib_n30_1,30,1,nn,7,30,6,1000,479.789,426.328,50000,13,1666,2.1952e-05,0.0519848
ten0.25,calib_n30_1,30,2,nn,7,30,6,1000,534.036,426.328,50000,7,1666,1.8235e-05,0.0533638
ten0.25,calib_n30_1,30,3,nn,7,30,6,1000,568.188,426.328,50000,11,1666,2.1892e-05,0.0527042
ten0.25,calib_n30_1,30,4,nn,7,30,6,1000,533.271,426.328,50000,95,1664,0.000101155,0.0496901
ten0.25,calib_n30_1,30,5,nn,7,30,6,1000,539.717,426.328,50000,7,1666,3.7292e-05,0.0482125
ten0.25,calib_n30_2,30,1,nn,7,30,6,1000,518.314,447.548,50000,97,1665,0.000102838,0.0492019
ten0.25,calib_n30_2,30,2,nn,7,30,6,1000,533.841,447.548,50000,291,1664,0.00027482,0.0487983
ten0.25,calib_n30_2,30,3,nn,7,30,6,1000,583.304,447.548,50000,545,1665,0.000491258,0.0439728
ten0.25,calib_n30_2,30,4,nn,7,30,6,1000,590.283,447.548,50000,9,1666,1.8165e-05,0.0502279
ten0.25,calib_n30_2,30,5,nn,7,30,6,1000,608.714,447.548,50000,15,1666,2.5679e-05,0.0472379
ten0.25,calib_n50_1,50,1,nn,12,50,6,1000,653.039,550.734,50000,135,998,0.000360675,0.128072
ten0.25,calib_n50_1,50,2,nn,12,50,6,1000,639.744,550.734,50000,53,998,0.000143868,0.115706
ten0.25,calib_n50_1,50,3,nn,12,50,6,1000,659.377,550.734,50000,676,997,0.00159457,0.119993
ten0.25,calib_n50_1,50,4,nn,12,50,6,1000,687.78,550.734,50000,9,999,4.5147e-05,0.123492
ten0.25,calib_n50_1,50,5,nn,12,50,6,1000,699.886,550.734,50000,15,999,8.3591e-05,0.140231
ten0.25,calib_n50_2,50,1,nn,12,50,6,1000,685.943,590.914,50000,6309,996,0.0183972,0.127713
ten0.25,calib_n50_2,50,2,nn,12,50,6,1000,749.45,590.914,50000,515,997,0.00133174,0.127318
ten0.25,calib_n50_2,50,3,nn,12,50,6,1000,765.949,590.914,50000,2401,997,0.00639476,0.139487
ten0.25,calib_n50_2,50,4,nn,12,50,6,1000,730.848,590.914,50000,7989,995,0.0237658,0.145339
ten0.25,calib_n50_2,50,5,nn,12,50,6,1000,777.571,590.914,50000,2686,996,0.00707252,0.127328
ten0.25,calib_n70_1,70,1,nn,17,70,6,1000,773.892,638.962,50000,6910,712,0.0350815,0.277775
ten0.25,calib_n70_1,70,2,nn,17,70,6,1000,737.485,638.962,50000,3382,711,0.0190229,0.256683
ten0.25,calib_n70_1,70,3,nn,17,70,6,1000,832.582,638.962,50000,1002,710,0.00520828,0.302416
ten0.25,calib_n70_1,70,4,nn,17,70,6,1000,808.48,638.962,50000,2007,712,0.0109665,0.242133
ten0.25,calib_n70_1,70,5,nn,17,70,6,1000,741.91,638.962,50000,8755,710,0.0409672,0.253398
ten0.25,calib_n70_2,70,1,nn,17,70,6,1000,779.269,656.37,50000,4616,711,0.0225675,0.242569
ten0.25,calib_n70_2,70,2,nn,17,70,6,1000,766.936,656.37,50000,559,712,0.00296896,0.232292
ten0.25,calib_n70_2,70,3,nn,17,70,6,1000,781.374,656.37,50000,9977,710,0.04449,0.225968
ten0.25,calib_n70_2,70,4,nn,17,70,6,1000,737.249,656.37,50000,1790,710,0.00882178,0.267717
ten0.25,calib_n70_2,70,5,nn,17,70,6,1000,786.138,656.37,50000,1747,712,0.00913065,0.255941
ten0.5,calib_n100_1,100,1,nn,50,100,6,1000,985.693,744.971,50000,30818,497,0.30927,0.487197
ten0.5,calib_n100_1,100,2,nn,50,100,6,1000,960.815,743.104,50000,10606,498,0.0997805,0.471694
ten0.5,calib_n100_1,100,3,nn,50,100,6,1000,900.617,743.104,50000,21145,497,0.199422,0.472203
ten0.5,calib_n100_1,100,4,nn,50,100,6,1000,883.571,743.104,50000,13955,498,0.130468,0.471607
ten0.5,calib_n100_1,100,5,nn,50,100,6,1000,918.387,743.104,50000,3806,498,0.0394403,0.559066
ten0.5,calib_n100_2,100,1,nn,50,100,6,1000,955.549,763.385,50000,27098,497,0.272505,0.484441
ten0.5,calib_n100_2,100,2,nn,50,100,6,1000,909.951,767.467,50000,35808,498,0.336184,0.471782
ten0.5,calib_n100_2,100,3,nn,50,100,6,1000,963.367,763.385,50000,15006,496,0.134935,0.573005
ten0.5,calib_n100_2,100,4,nn,50,100,6,1000,950.285,767.092,50000,5135,498,0.0528063,0.486348
ten0.5,calib_n100_2,100,5,nn,50,100,6,1000,954.385,768.393,50000,33733,497,0.318659,0.483402
ten0.5,calib_n30_1,30,1,nn,15,30,6,1000,479.789,426.328,50000,13,1666,2.4447e-05,0.0581607
ten0.5,calib_n30_1,30,2,nn,15,30,6,1000,534.036,426.328,50000,7,1666,1.9488e-05,0.0601535
ten0.5,calib_n30_1,30,3,nn,15,30,6,1000,568.188,426.328,50000,11,1666,3.4707e-05,0.0554782
ten0.5,calib_n30_1,30,4,nn,15,30,6,1000,533.271,426.328,50000,26,1665,3.8624e-05,0.0492257
ten0.5,calib_n30_1,30,5,nn,15,30,6,1000,539.717,426.328,50000,7,1666,1.6221e-05,0.0482732
ten0.5,calib_n30_2,30,1,nn,15,30,6,1000,518.314,447.548,50000,95,1665,0.000102868,0.0515525
ten0.5,calib_n30_2,30,2,nn,15,30,6,1000,533.841,447.548,50000,411,1664,0.000413317,0.0489683
ten0.5,calib_n30_2,30,3,nn,15,30,6,1000,583.304,447.548,50000,555,1665,0.00056014,0.0498965
ten0.5,calib_n30_2,30,4,nn,15,30,6,1000,590.283,447.548,50000,9,1666,1.8015e-05,0.0479717
ten0.5,calib_n30_2,30,5,nn,15,30,6,1000,608.714,447.548,50000,15,1666,2.9116e-05,0.0520371
ten0.5,calib_n50_1,50,1,nn,25,50,6,1000,653.039,550.734,50000,1016,998,0.00289134,0.136441
ten0.5,calib_n50_1,50,2,nn,25,50,6,1000,639.744,550.734,50000,177,999,0.000473764,0.199139
ten0.5,calib_n50_1,50,3,nn,25,50,6,1000,659.377,550.734,50000,671,998,0.00358176,0.255734
ten0.5,calib_n50_1,50,4,nn,25,50,6,1000,687.78,550.734,50000,9,999,7.7589e-05,0.264473
ten0.5,calib_n50_1,50,5,nn,25,50,6,1000,699.886,550.734,50000,15,999,0.00011391,0.250458
ten0.5,calib_n50_2,50,1,nn,25,50,6,1000,685.943,590.914,50000,918,997,0.00392296,0.243953
ten0.5,calib_n50_2,50,2,nn,25,50,6,1000,749.45,590.914,50000,494,998,0.0025984,0.276599
ten0.5,calib_n50_2,50,3,nn,25,50,6,1000,765.949,590.914,50000,20598,999,0.0993555,0.243929
ten0.5,calib_n50_2,50,4,nn,25,50,6,1000,730.848,590.914,50000,11743,995,0.058442,0.24773
ten0.5,calib_n50_2,50,5,nn,25,50,6,1000,777.571,590.914,50000,274,998,0.001326,0.248172
ten0.5,calib_n70_1,70,1,nn,35,70,6,1000,773.892,638.962,50000,6885,712,0.0660323,0.482282
ten0.5,calib_n70_1,70,2,nn,35,70,6,1000,737.485,638.962,50000,3734,712,0.0380347,0.470769
ten0.5,calib_n70_1,70,3,nn,35,70,6,1000,832.582,638.962,50000,2480,711,0.0206221,0.433431
ten0.5,calib_n70_1,70,4,nn,35,70,6,1000,808.48,638.962,50000,2550,712,0.0215985,0.448738
ten0.5,calib_n70_1,70,5,nn,35,70,6,1000,741.91,638.962,50000,2370,712,0.0217094,0.45217
ten0.5,calib_n70_2,70,1,nn,35,70,6,1000,779.269,656.37,50000,3347,712,0.0261171,0.384236
ten0.5,calib_n70_2,70,2,nn,35,70,6,1000,766.936,656.37,50000,2476,712,0.0202318,0.45179
ten0.5,calib_n70_2,70,3,nn,35,70,6,1000,781.374,656.37,50000,5178,712,0.0593801,0.501337
ten0.5,calib_n70_2,70,4,nn,35,70,6,1000,737.249,656.37,50000,21188,711,0.196154,0.462807
ten0.5,calib_n70_2,70,5,nn,35,70,6,1000,786.138,656.37,50000,8750,713,0.0859889,0.499549
random,calib_n100_1,100,1,random,12,100,6,1000,5705.93,743.104,50000,1098,496,0.0195109,0.951111
random,calib_n100_1,100,2,random,12,100,6,1000,5588.01,743.104,50000,19261,495,0.360207,0.934893
random,calib_n100_1,100,3,random,12,100,6,1000,5294.51,745.587,50000,1097,497,0.0194004,0.97839
random,calib_n100_1,100,4,random,12,100,6,1000,5648.76,749.21,50000,8020,494,0.15985,0.827082
random,calib_n100_1,100,5,random,12,100,6,1000,5141.83,743.104,50000,11682,496,0.206934,0.920019
random,calib_n100_2,100,1,random,12,100,6,1000,5712.41,763.385,50000,12883,497,0.229375,0.928267
random,calib_n100_2,100,2,random,12,100,6,1000,5437.56,763.385,50000,5880,497,0.106705,0.97033
random,calib_n100_2,100,3,random,12,100,6,1000,5619.73,763.385,50000,18337,495,0.339923,0.928939
random,calib_n100_2,100,4,random,12,100,6,1000,5255.78,763.385,50000,12066,496,0.241324,0.938045
random,calib_n100_2,100,5,random,12,100,6,1000,5075.47,763.385,50000,32779,494,0.603631,0.894798
random,calib_n30_1,30,1,random,5,30,6,1000,1318.34,426.328,50000,29,1665,7.222e-05,0.0946601
random,calib_n30_1,30,2,random,5,30,6,1000,1571.06,426.328,50000,30,1665,7.2811e-05,0.0902253
random,calib_n30_1,30,3,random,5,30,6,1000,1626.88,426.328,50000,134,1665,0.000312472,0.093381
random,calib_n30_1,30,4,random,5,30,6,1000,1238.22,426.328,50000,37,1665,9.5805e-05,0.0929259
random,calib_n30_1,30,5,random,5,30,6,1000,1363.12,426.328,50000,30,1665,0.000107267,0.0916969
random,calib_n30_2,30,1,random,5,30,6,1000,1574.58,447.548,50000,441,1663,0.00078277,0.0941431
random,calib_n30_2,30,2,random,5,30,6,1000,1786.76,447.548,50000,164,1665,0.000389031,0.0959235
random,calib_n30_2,30,3,random,5,30,6,1000,1672.48,447.548,50000,82,1664,0.0001656,0.0887491
random,calib_n30_2,30,4,random,5,30,6,1000,1587.15,447.548,50000,316,1665,0.000589988,0.091449
random,calib_n30_2,30,5,random,5,30,6,1000,1729.79,447.548,50000,442,1664,0.000812086,0.0914894
random,calib_n50_1,50,1,random,6,50,6,1000,2900.3,550.734,50000,586,996,0.00270957,0.237496
random,calib_n50_1,50,2,random,6,50,6,1000,2715.85,550.734,50000,482,997,0.00215183,0.240053
random,calib_n50_1,50,3,random,6,50,6,1000,2864.71,550.734,50000,63,998,0.000316932,0.242629
random,calib_n50_1,50,4,random,6,50,6,1000,2490.35,550.734,50000,730,998,0.0032236,0.232426
random,calib_n50_1,50,5,random,6,50,6,1000,2643.66,550.734,50000,46,999,0.000252527,0.234298
random,calib_n50_2,50,1,random,6,50,6,1000,2612.03,590.914,50000,2087,995,0.0100337,0.236313
random,calib_n50_2,50,2,random,6,50,6,1000,2296.54,590.914,50000,11890,998,0.0549368,0.227728
random,calib_n50_2,50,3,random,6,50,6,1000,2385.66,590.914,50000,6460,995,0.0288853,0.230903
random,calib_n50_2,50,4,random,6,50,6,1000,2577.06,590.914,50000,3295,998,0.0152425,0.231721
random,calib_n50_2,50,5,random,6,50,6,1000,2635.69,590.914,50000,323,997,0.00144629,0.243056
random,calib_n70_1,70,1,random,8,70,6,1000,3453.05,638.962,50000,1349,711,0.0117232,0.457562
random,calib_n70_1,70,2,random,8,70,6,1000,3652.8,638.962,50000,2838,710,0.0270712,0.453075
random,calib_n70_1,70,3,random,8,70,6,1000,3547.42,638.962,50000,358,712,0.00336113,0.460225
random,calib_n70_1,70,4,random,8,70,6,1000,3865.05,638.962,50000,546,712,0.00478608,0.448098
random,calib_n70_1,70,5,random,8,70,6,1000,3768.25,638.962,50000,1906,712,0.01877,0.451556
random,calib_n70_2,70,1,random,8,70,6,1000,3836.52,660.171,50000,2756,710,0.024936,0.441728
random,calib_n70_2,70,2,random,8,70,6,1000,3713.01,656.37,50000,1113,712,0.00973313,0.461067
random,calib_n70_2,70,3,random,8,70,6,1000,3561.13,656.37,50000,1269,711,0.0118479,0.459273
random,calib_n70_2,70,4,random,8,70,6,1000,3908.41,656.37,50000,1209,711,0.0109359,0.464209
random,calib_n70_2,70,5,random,8,70,6,1000,3650.99,656.37,50000,12454,710,0.114003,0.445369
